Order_Id,Customer_Name,Order_Date,Ship_Date,Product,Quantity,Price,Total_Price,Region
2001,Chris Paul,08-03-2025 00:00,28-03-2025 00:00,Charger,3,? 50.00,? 150.00,East
2002,Eva White,07-03-2025 00:00,28-03-2025 00:00,Tablet,2,? 600.00,"? 1,200.00",East
2003,Olivia Adams,07-03-2025 00:00,28-03-2025 00:00,Monitor,2,? 50.00,? 100.00,North
2004,Robert Finch,14-03-2025 00:00,28-03-2025 00:00,Mouse,-2,? 650.00,"-? 1,300.00",West
2005,Sarah Lee,01-03-2025 00:00,28-03-2025 00:00,Monitor,1,? 300.00,? 300.00,North
2006,Olivia Adams,10-03-2025 00:00,28-03-2025 00:00,Laptop,2,? 800.00,"? 1,600.00",Unknown
2007,Mike Green,13-03-2025 00:00,28-03-2025 00:00,Laptop,-2,? 850.00,"-? 1,700.00",South
2008,Chris Paul,08-03-2025 00:00,28-03-2025 00:00,Monitor,3,? 200.00,? 600.00,South
2009,Emma Stone,07-03-2025 00:00,28-03-2025 00:00,Mouse,4,? 200.00,? 800.00,North
2010,Alan Brown,13-03-2025 00:00,28-03-2025 00:00,Monitor,1,? 50.00,? 50.00,West
2011,Chris Paul,05-03-2025 00:00,28-03-2025 00:00,Mouse,0,? 650.00,? 0.00,Unknown
2012,Robert Finch,20-03-2025 00:00,28-03-2025 00:00,Mouse,-3,? 300.00,-? 900.00,East
2013,Robert Finch,08-03-2025 00:00,28-03-2025 00:00,Keyboard,-3,? 100.00,-? 300.00,North
2014,Sarah Lee,19-03-2025 00:00,28-03-2025 00:00,Charger,3,? 200.00,? 600.00,West
2015,Mike Green,04-03-2025 00:00,28-03-2025 00:00,Headphones,3,? 300.00,? 900.00,East
2016,Eva White,15-03-2025 00:00,28-03-2025 00:00,Mouse,2,? 800.00,"? 1,600.00",South
2017,Sarah Lee,09-03-2025 00:00,28-03-2025 00:00,Tablet,1,? 150.00,? 150.00,South
2018,Sarah Lee,17-03-2025 00:00,28-03-2025 00:00,Mouse,-3,? 650.00,"-? 1,950.00",East
2019,Alan Brown,04-03-2025 00:00,28-03-2025 00:00,Mouse,-3,? 600.00,"-? 1,800.00",North
2020,Anna King,08-03-2025 00:00,28-03-2025 00:00,Mouse,2,? 300.00,? 600.00,South
2021,Mike Green,10-03-2025 00:00,28-03-2025 00:00,Keyboard,-3,? 800.00,"-? 2,400.00",Unknown
2022,Jane Smith,09-03-2025 00:00,28-03-2025 00:00,Charger,0,? 100.00,? 0.00,East
2023,Sarah Lee,06-03-2025 00:00,28-03-2025 00:00,Keyboard,1,? 850.00,? 850.00,East
2024,Lucas Gray,13-03-2025 00:00,28-03-2025 00:00,Laptop,0,? 600.00,? 0.00,South
2025,Unknown,06-03-2025 00:00,28-03-2025 00:00,Keyboard,-3,? 850.00,"-? 2,550.00",North
2026,Anna King,15-03-2025 00:00,28-03-2025 00:00,Tablet,3,? 100.00,? 300.00,Unknown
2027,Jane Smith,20-03-2025 00:00,28-03-2025 00:00,Tablet,0,? 800.00,? 0.00,North
2028,Lucas Gray,01-03-2025 00:00,28-03-2025 00:00,Keyboard,-3,? 200.00,-? 600.00,West
2029,Mike Green,17-03-2025 00:00,28-03-2025 00:00,Charger,0,? 850.00,? 0.00,West
2030,John Doe,04-03-2025 00:00,28-03-2025 00:00,Monitor,-2,? 600.00,"-? 1,200.00",South
2031,Lucas Gray,09-03-2025 00:00,28-03-2025 00:00,Headphones,0,? 50.00,? 0.00,South
2032,Emma Stone,09-03-2025 00:00,28-03-2025 00:00,Charger,5,? 75.00,? 375.00,South
2033,Anna King,06-03-2025 00:00,28-03-2025 00:00,Keyboard,3,? 300.00,? 900.00,West
2034,Olivia Adams,13-03-2025 00:00,28-03-2025 00:00,Mouse,3,? 200.00,? 600.00,North
2035,Lucas Gray,11-03-2025 00:00,28-03-2025 00:00,Phone,1,? 850.00,? 850.00,North
2036,David Black,15-03-2025 00:00,28-03-2025 00:00,Headphones,0,? 150.00,? 0.00,South
2037,John Doe,20-03-2025 00:00,28-03-2025 00:00,Headphones,2,? 300.00,? 600.00,Unknown
2038,Robert Finch,13-03-2025 00:00,28-03-2025 00:00,Tablet,3,? 50.00,? 150.00,North
2039,Robert Finch,12-03-2025 00:00,28-03-2025 00:00,Headphones,0,? 100.00,? 0.00,West
2040,Emma Stone,01-03-2025 00:00,28-03-2025 00:00,Keyboard,0,? 75.00,? 0.00,East
2041,Lucas Gray,12-03-2025 00:00,28-03-2025 00:00,Mouse,4,? 800.00,"? 3,200.00",East
2042,Lucas Gray,03-03-2025 00:00,28-03-2025 00:00,Mouse,4,? 50.00,? 200.00,East
2043,Lucas Gray,13-03-2025 00:00,28-03-2025 00:00,Laptop,5,? 50.00,? 250.00,Unknown
2044,Unknown,03-03-2025 00:00,28-03-2025 00:00,Mouse,-2,? 100.00,-? 200.00,South
2045,Unknown,18-03-2025 00:00,28-03-2025 00:00,Charger,5,? 650.00,"? 3,250.00",West
2046,Alan Brown,05-03-2025 00:00,28-03-2025 00:00,Mouse,-3,? 100.00,-? 300.00,Unknown
2047,Lucas Gray,02-03-2025 00:00,28-03-2025 00:00,Tablet,2,? 650.00,"? 1,300.00",West
2048,Chris Paul,11-03-2025 00:00,28-03-2025 00:00,Mouse,-3,? 650.00,"-? 1,950.00",West
2049,Eva White,14-03-2025 00:00,28-03-2025 00:00,Laptop,-3,? 200.00,-? 600.00,South
2050,David Black,18-03-2025 00:00,28-03-2025 00:00,Phone,1,? 200.00,? 200.00,East
2051,Alan Brown,03-03-2025 00:00,28-03-2025 00:00,Keyboard,-3,? 600.00,"-? 1,800.00",South
2052,Mike Green,20-03-2025 00:00,28-03-2025 00:00,Tablet,5,? 850.00,"? 4,250.00",West
2053,Alan Brown,06-03-2025 00:00,28-03-2025 00:00,Charger,3,? 850.00,"? 2,550.00",Unknown
2054,Chris Paul,04-03-2025 00:00,28-03-2025 00:00,Phone,3,? 800.00,"? 2,400.00",West
2055,Mike Green,10-03-2025 00:00,28-03-2025 00:00,Tablet,4,? 850.00,"? 3,400.00",South
2056,David Black,12-03-2025 00:00,28-03-2025 00:00,Monitor,2,? 200.00,? 400.00,West
2057,Chris Paul,07-03-2025 00:00,28-03-2025 00:00,Headphones,2,? 600.00,"? 1,200.00",West
2058,Jane Smith,02-03-2025 00:00,28-03-2025 00:00,Monitor,1,? 600.00,? 600.00,North
2059,Eva White,03-03-2025 00:00,28-03-2025 00:00,Mouse,5,? 650.00,"? 3,250.00",Unknown
2060,David Black,02-03-2025 00:00,28-03-2025 00:00,Phone,4,? 100.00,? 400.00,West
2061,Lucas Gray,07-03-2025 00:00,28-03-2025 00:00,Mouse,2,? 800.00,"? 1,600.00",North
2062,Unknown,02-03-2025 00:00,28-03-2025 00:00,Headphones,3,? 650.00,"? 1,950.00",West
2063,Jane Smith,02-03-2025 00:00,28-03-2025 00:00,Tablet,-3,? 100.00,-? 300.00,West
2064,Emma Stone,06-03-2025 00:00,28-03-2025 00:00,Headphones,-3,? 850.00,"-? 2,550.00",East
2065,David Black,17-03-2025 00:00,28-03-2025 00:00,Laptop,4,? 650.00,"? 2,600.00",Unknown
2066,Emma Stone,20-03-2025 00:00,28-03-2025 00:00,Headphones,5,? 300.00,"? 1,500.00",South
2067,Mike Green,13-03-2025 00:00,28-03-2025 00:00,Laptop,5,? 850.00,"? 4,250.00",West
2068,Jane Smith,09-03-2025 00:00,28-03-2025 00:00,Headphones,-2,? 100.00,-? 200.00,West
2069,Eva White,03-03-2025 00:00,28-03-2025 00:00,Keyboard,0,? 800.00,? 0.00,South
2070,Lucas Gray,14-03-2025 00:00,28-03-2025 00:00,Laptop,2,? 100.00,? 200.00,South
2071,Lucas Gray,08-03-2025 00:00,28-03-2025 00:00,Phone,5,? 650.00,"? 3,250.00",East
2072,Chris Paul,19-03-2025 00:00,28-03-2025 00:00,Mouse,3,? 650.00,"? 1,950.00",West
2073,Lucas Gray,09-03-2025 00:00,28-03-2025 00:00,Charger,4,? 50.00,? 200.00,West
2074,Olivia Adams,02-03-2025 00:00,28-03-2025 00:00,Mouse,-2,? 800.00,"-? 1,600.00",East
2075,Sarah Lee,15-03-2025 00:00,28-03-2025 00:00,Monitor,0,? 150.00,? 0.00,North
2076,Alan Brown,06-03-2025 00:00,28-03-2025 00:00,Mouse,1,? 850.00,? 850.00,East
2077,Unknown,15-03-2025 00:00,28-03-2025 00:00,Tablet,0,? 600.00,? 0.00,Unknown
2078,John Doe,10-03-2025 00:00,28-03-2025 00:00,Keyboard,-3,? 800.00,"-? 2,400.00",West
2079,Eva White,05-03-2025 00:00,28-03-2025 00:00,Headphones,1,? 600.00,? 600.00,South
2080,Jane Smith,04-03-2025 00:00,28-03-2025 00:00,Monitor,2,? 800.00,"? 1,600.00",Unknown
2081,Sarah Lee,13-03-2025 00:00,28-03-2025 00:00,Tablet,3,? 800.00,"? 2,400.00",West
2082,Eva White,20-03-2025 00:00,28-03-2025 00:00,Tablet,1,? 100.00,? 100.00,East
2083,Jane Smith,18-03-2025 00:00,28-03-2025 00:00,Laptop,0,? 800.00,? 0.00,Unknown
2084,Unknown,07-03-2025 00:00,28-03-2025 00:00,Mouse,0,? 50.00,? 0.00,West
2085,Anna King,17-03-2025 00:00,28-03-2025 00:00,Phone,2,? 150.00,? 300.00,North
2086,Anna King,16-03-2025 00:00,28-03-2025 00:00,Charger,0,? 650.00,? 0.00,North
2087,Emma Stone,05-03-2025 00:00,28-03-2025 00:00,Phone,-3,? 75.00,-? 225.00,South
2088,Eva White,20-03-2025 00:00,28-03-2025 00:00,Monitor,0,? 600.00,? 0.00,West
2089,Anna King,01-03-2025 00:00,28-03-2025 00:00,Keyboard,-2,? 650.00,"-? 1,300.00",North
2090,Olivia Adams,08-03-2025 00:00,28-03-2025 00:00,Phone,-2,? 75.00,-? 150.00,East
2091,Jane Smith,06-03-2025 00:00,28-03-2025 00:00,Headphones,4,? 150.00,? 600.00,West
2092,Emma Stone,16-03-2025 00:00,28-03-2025 00:00,Phone,2,? 150.00,? 300.00,East
2093,Lucas Gray,14-03-2025 00:00,28-03-2025 00:00,Monitor,-3,? 600.00,"-? 1,800.00",East
2094,Jane Smith,12-03-2025 00:00,28-03-2025 00:00,Charger,5,? 600.00,"? 3,000.00",North
2095,Emma Stone,11-03-2025 00:00,28-03-2025 00:00,Phone,-2,? 150.00,-? 300.00,West
2096,Unknown,03-03-2025 00:00,28-03-2025 00:00,Headphones,2,? 75.00,? 150.00,Unknown
2097,Eva White,15-03-2025 00:00,28-03-2025 00:00,Laptop,5,? 800.00,"? 4,000.00",North
2098,Sarah Lee,08-03-2025 00:00,28-03-2025 00:00,Keyboard,4,? 850.00,"? 3,400.00",North
2099,Sarah Lee,14-03-2025 00:00,28-03-2025 00:00,Monitor,0,? 300.00,? 0.00,West
2100,Unknown,02-03-2025 00:00,28-03-2025 00:00,Laptop,-2,? 650.00,"-? 1,300.00",West
2101,Chris Paul,12-03-2025 00:00,28-03-2025 00:00,Laptop,2,? 100.00,? 200.00,East
2102,Lucas Gray,03-03-2025 00:00,28-03-2025 00:00,Laptop,1,? 650.00,? 650.00,West
2103,David Black,02-03-2025 00:00,28-03-2025 00:00,Tablet,5,? 100.00,? 500.00,East
2104,Unknown,11-03-2025 00:00,28-03-2025 00:00,Keyboard,0,? 75.00,? 0.00,North
2105,Sarah Lee,05-03-2025 00:00,28-03-2025 00:00,Charger,-2,? 100.00,-? 200.00,South
2106,Mike Green,18-03-2025 00:00,28-03-2025 00:00,Mouse,-3,? 600.00,"-? 1,800.00",Unknown
2107,Olivia Adams,02-03-2025 00:00,28-03-2025 00:00,Keyboard,5,? 850.00,"? 4,250.00",North
2108,Jane Smith,18-03-2025 00:00,28-03-2025 00:00,Tablet,-2,? 850.00,"-? 1,700.00",West
2109,Mike Green,18-03-2025 00:00,28-03-2025 00:00,Mouse,5,? 600.00,"? 3,000.00",Unknown
2110,Sarah Lee,02-03-2025 00:00,28-03-2025 00:00,Keyboard,0,? 50.00,? 0.00,South
2111,Emma Stone,09-03-2025 00:00,28-03-2025 00:00,Laptop,-2,? 75.00,-? 150.00,South
2112,David Black,12-03-2025 00:00,28-03-2025 00:00,Monitor,0,? 50.00,? 0.00,East
2113,Lucas Gray,02-03-2025 00:00,28-03-2025 00:00,Mouse,2,? 50.00,? 100.00,Unknown
2114,Lucas Gray,06-03-2025 00:00,28-03-2025 00:00,Headphones,0,? 650.00,? 0.00,East
2115,Lucas Gray,15-03-2025 00:00,28-03-2025 00:00,Headphones,5,? 150.00,? 750.00,North
2116,Olivia Adams,14-03-2025 00:00,28-03-2025 00:00,Phone,-3,? 650.00,"-? 1,950.00",Unknown
2117,David Black,03-03-2025 00:00,28-03-2025 00:00,Mouse,1,? 150.00,? 150.00,North
2118,Olivia Adams,20-03-2025 00:00,28-03-2025 00:00,Monitor,5,? 300.00,"? 1,500.00",East
2119,Olivia Adams,17-03-2025 00:00,28-03-2025 00:00,Charger,2,? 100.00,? 200.00,East
2120,John Doe,13-03-2025 00:00,28-03-2025 00:00,Tablet,-2,? 150.00,-? 300.00,East
2121,David Black,08-03-2025 00:00,28-03-2025 00:00,Laptop,1,? 600.00,? 600.00,Unknown
2122,Chris Paul,13-03-2025 00:00,28-03-2025 00:00,Phone,3,? 650.00,"? 1,950.00",East
2123,David Black,20-03-2025 00:00,28-03-2025 00:00,Headphones,5,? 75.00,? 375.00,South
2124,Sarah Lee,04-03-2025 00:00,28-03-2025 00:00,Tablet,4,? 100.00,? 400.00,East
2125,John Doe,04-03-2025 00:00,28-03-2025 00:00,Tablet,3,? 300.00,? 900.00,South
2126,Lucas Gray,05-03-2025 00:00,28-03-2025 00:00,Laptop,5,? 150.00,? 750.00,East
2127,Sarah Lee,19-03-2025 00:00,28-03-2025 00:00,Charger,0,? 300.00,? 0.00,West
2128,Sarah Lee,04-03-2025 00:00,28-03-2025 00:00,Charger,4,? 75.00,? 300.00,Unknown
2129,Robert Finch,06-03-2025 00:00,28-03-2025 00:00,Mouse,1,? 50.00,? 50.00,North
2130,Alan Brown,05-03-2025 00:00,28-03-2025 00:00,Headphones,-3,? 850.00,"-? 2,550.00",West
2131,John Doe,12-03-2025 00:00,28-03-2025 00:00,Charger,0,? 75.00,? 0.00,North
2132,Sarah Lee,12-03-2025 00:00,28-03-2025 00:00,Monitor,3,? 200.00,? 600.00,South
2133,Alan Brown,10-03-2025 00:00,28-03-2025 00:00,Charger,-2,? 75.00,-? 150.00,South
2134,Alan Brown,07-03-2025 00:00,28-03-2025 00:00,Tablet,2,? 300.00,? 600.00,Unknown
2135,John Doe,15-03-2025 00:00,28-03-2025 00:00,Laptop,-3,? 600.00,"-? 1,800.00",West
2136,Robert Finch,15-03-2025 00:00,28-03-2025 00:00,Monitor,0,? 650.00,? 0.00,South
2137,Mike Green,20-03-2025 00:00,28-03-2025 00:00,Mouse,-2,? 600.00,"-? 1,200.00",West
2138,Emma Stone,12-03-2025 00:00,28-03-2025 00:00,Headphones,-2,? 300.00,-? 600.00,South
2139,Chris Paul,16-03-2025 00:00,28-03-2025 00:00,Mouse,5,? 650.00,"? 3,250.00",East
2140,Emma Stone,13-03-2025 00:00,28-03-2025 00:00,Tablet,0,? 200.00,? 0.00,North
2141,David Black,10-03-2025 00:00,28-03-2025 00:00,Monitor,1,? 850.00,? 850.00,North
2142,Lucas Gray,20-03-2025 00:00,28-03-2025 00:00,Monitor,4,? 100.00,? 400.00,West
2143,Chris Paul,02-03-2025 00:00,28-03-2025 00:00,Monitor,4,? 300.00,"? 1,200.00",North
2144,David Black,10-03-2025 00:00,28-03-2025 00:00,Tablet,3,? 150.00,? 450.00,West
2145,Sarah Lee,19-03-2025 00:00,28-03-2025 00:00,Tablet,3,? 300.00,? 900.00,West
2146,Lucas Gray,17-03-2025 00:00,28-03-2025 00:00,Mouse,4,? 300.00,"? 1,200.00",West
2147,Jane Smith,16-03-2025 00:00,28-03-2025 00:00,Phone,1,? 650.00,? 650.00,North
2148,John Doe,19-03-2025 00:00,28-03-2025 00:00,Mouse,2,? 800.00,"? 1,600.00",West
2149,Chris Paul,08-03-2025 00:00,28-03-2025 00:00,Headphones,0,? 75.00,? 0.00,North
2150,Chris Paul,18-03-2025 00:00,28-03-2025 00:00,Laptop,2,? 800.00,"? 1,600.00",West
2151,Unknown,15-03-2025 00:00,28-03-2025 00:00,Monitor,5,? 200.00,"? 1,000.00",Unknown
2152,Sarah Lee,06-03-2025 00:00,28-03-2025 00:00,Phone,0,? 150.00,? 0.00,West
2153,Mike Green,17-03-2025 00:00,28-03-2025 00:00,Laptop,0,? 850.00,? 0.00,South
2154,Alan Brown,06-03-2025 00:00,28-03-2025 00:00,Phone,0,? 50.00,? 0.00,West
2155,Lucas Gray,13-03-2025 00:00,28-03-2025 00:00,Charger,1,? 200.00,? 200.00,East
2156,Sarah Lee,03-03-2025 00:00,28-03-2025 00:00,Charger,1,? 50.00,? 50.00,West
2157,Anna King,09-03-2025 00:00,28-03-2025 00:00,Keyboard,0,? 50.00,? 0.00,South
2158,Robert Finch,12-03-2025 00:00,28-03-2025 00:00,Charger,0,? 850.00,? 0.00,South
2159,Alan Brown,13-03-2025 00:00,28-03-2025 00:00,Mouse,0,? 600.00,? 0.00,North
2160,John Doe,01-03-2025 00:00,28-03-2025 00:00,Charger,-3,? 800.00,"-? 2,400.00",Unknown
2161,Alan Brown,18-03-2025 00:00,28-03-2025 00:00,Tablet,3,? 300.00,? 900.00,West
2162,Mike Green,18-03-2025 00:00,28-03-2025 00:00,Monitor,3,? 100.00,? 300.00,North
2163,Unknown,01-03-2025 00:00,28-03-2025 00:00,Mouse,2,? 50.00,? 100.00,Unknown
2164,Alan Brown,07-03-2025 00:00,28-03-2025 00:00,Laptop,5,? 150.00,? 750.00,West
2165,John Doe,14-03-2025 00:00,28-03-2025 00:00,Keyboard,3,? 200.00,? 600.00,East
2166,Mike Green,12-03-2025 00:00,28-03-2025 00:00,Keyboard,-2,? 600.00,"-? 1,200.00",West
2167,Emma Stone,14-03-2025 00:00,28-03-2025 00:00,Keyboard,2,? 50.00,? 100.00,South
2168,Chris Paul,08-03-2025 00:00,28-03-2025 00:00,Laptop,3,? 600.00,"? 1,800.00",South
2169,Unknown,05-03-2025 00:00,28-03-2025 00:00,Laptop,5,? 600.00,"? 3,000.00",East
2170,Chris Paul,20-03-2025 00:00,28-03-2025 00:00,Laptop,1,? 50.00,? 50.00,North
2171,Robert Finch,05-03-2025 00:00,28-03-2025 00:00,Laptop,1,? 650.00,? 650.00,Unknown
2172,David Black,13-03-2025 00:00,28-03-2025 00:00,Keyboard,0,? 75.00,? 0.00,West
2173,Emma Stone,01-03-2025 00:00,28-03-2025 00:00,Keyboard,-3,? 150.00,-? 450.00,South
2174,Emma Stone,16-03-2025 00:00,28-03-2025 00:00,Phone,1,? 300.00,? 300.00,North
2175,Lucas Gray,19-03-2025 00:00,28-03-2025 00:00,Mouse,0,? 300.00,? 0.00,East
2176,Olivia Adams,05-03-2025 00:00,28-03-2025 00:00,Monitor,3,? 150.00,? 450.00,South
2177,Alan Brown,02-03-2025 00:00,28-03-2025 00:00,Charger,0,? 650.00,? 0.00,East
2178,Chris Paul,09-03-2025 00:00,28-03-2025 00:00,Charger,5,? 300.00,"? 1,500.00",West
2179,John Doe,15-03-2025 00:00,28-03-2025 00:00,Tablet,1,? 600.00,? 600.00,Unknown
2180,Eva White,03-03-2025 00:00,28-03-2025 00:00,Keyboard,-3,? 850.00,"-? 2,550.00",South
2181,Olivia Adams,12-03-2025 00:00,28-03-2025 00:00,Tablet,5,? 200.00,"? 1,000.00",South
2182,Eva White,06-03-2025 00:00,28-03-2025 00:00,Mouse,-2,? 800.00,"-? 1,600.00",West
2183,Unknown,16-03-2025 00:00,28-03-2025 00:00,Mouse,-2,? 300.00,-? 600.00,North
2184,Mike Green,11-03-2025 00:00,28-03-2025 00:00,Tablet,0,? 150.00,? 0.00,South
2185,Chris Paul,17-03-2025 00:00,28-03-2025 00:00,Keyboard,0,? 850.00,? 0.00,South
2186,Chris Paul,02-03-2025 00:00,28-03-2025 00:00,Tablet,2,? 50.00,? 100.00,South
2187,Olivia Adams,17-03-2025 00:00,28-03-2025 00:00,Charger,0,? 75.00,? 0.00,South
2188,Robert Finch,09-03-2025 00:00,28-03-2025 00:00,Phone,0,? 150.00,? 0.00,Unknown
2189,Olivia Adams,14-03-2025 00:00,28-03-2025 00:00,Charger,-3,? 600.00,"-? 1,800.00",East
2190,Eva White,08-03-2025 00:00,28-03-2025 00:00,Headphones,1,? 75.00,? 75.00,South
2191,Olivia Adams,05-03-2025 00:00,28-03-2025 00:00,Keyboard,-3,? 200.00,-? 600.00,Unknown
2192,Chris Paul,07-03-2025 00:00,28-03-2025 00:00,Keyboard,5,? 200.00,"? 1,000.00",North
2193,Robert Finch,09-03-2025 00:00,28-03-2025 00:00,Monitor,-2,? 650.00,"-? 1,300.00",East
2194,Alan Brown,10-03-2025 00:00,28-03-2025 00:00,Laptop,-3,? 100.00,-? 300.00,East
2195,Anna King,06-03-2025 00:00,28-03-2025 00:00,Headphones,5,? 650.00,"? 3,250.00",North
2196,Lucas Gray,12-03-2025 00:00,28-03-2025 00:00,Mouse,-3,? 850.00,"-? 2,550.00",Unknown
2197,Jane Smith,05-03-2025 00:00,28-03-2025 00:00,Keyboard,0,? 75.00,? 0.00,West
2198,Emma Stone,12-03-2025 00:00,28-03-2025 00:00,Tablet,3,? 100.00,? 300.00,North
2199,Olivia Adams,16-03-2025 00:00,28-03-2025 00:00,Headphones,0,? 50.00,? 0.00,Unknown
2200,Unknown,06-03-2025 00:00,28-03-2025 00:00,Monitor,2,? 600.00,"? 1,200.00",North
2201,David Black,06-03-2025 00:00,28-03-2025 00:00,Mouse,-3,? 75.00,-? 225.00,North
2202,Mike Green,08-03-2025 00:00,28-03-2025 00:00,Laptop,2,? 650.00,"? 1,300.00",South
2203,Anna King,01-03-2025 00:00,28-03-2025 00:00,Laptop,4,? 800.00,"? 3,200.00",Unknown
2204,Lucas Gray,19-03-2025 00:00,28-03-2025 00:00,Monitor,-3,? 100.00,-? 300.00,West
2205,Lucas Gray,16-03-2025 00:00,28-03-2025 00:00,Monitor,3,? 100.00,? 300.00,South
2206,Lucas Gray,13-03-2025 00:00,28-03-2025 00:00,Tablet,2,? 600.00,"? 1,200.00",North
2207,Lucas Gray,10-03-2025 00:00,28-03-2025 00:00,Keyboard,-3,? 300.00,-? 900.00,North
2208,Eva White,17-03-2025 00:00,28-03-2025 00:00,Laptop,1,? 200.00,? 200.00,North
2209,Unknown,03-03-2025 00:00,28-03-2025 00:00,Mouse,0,? 200.00,? 0.00,North
2210,Unknown,18-03-2025 00:00,28-03-2025 00:00,Headphones,3,? 800.00,"? 2,400.00",Unknown
2211,Robert Finch,10-03-2025 00:00,28-03-2025 00:00,Mouse,2,? 850.00,"? 1,700.00",South
2212,Emma Stone,14-03-2025 00:00,28-03-2025 00:00,Phone,3,? 850.00,"? 2,550.00",West
2213,Chris Paul,05-03-2025 00:00,28-03-2025 00:00,Phone,5,? 50.00,? 250.00,South
2214,Lucas Gray,16-03-2025 00:00,28-03-2025 00:00,Monitor,0,? 75.00,? 0.00,East
2215,David Black,14-03-2025 00:00,28-03-2025 00:00,Tablet,-3,? 150.00,-? 450.00,North
2216,Chris Paul,12-03-2025 00:00,28-03-2025 00:00,Phone,-3,? 300.00,-? 900.00,North
2217,Unknown,11-03-2025 00:00,28-03-2025 00:00,Laptop,-3,? 650.00,"-? 1,950.00",North
2218,John Doe,10-03-2025 00:00,28-03-2025 00:00,Mouse,0,? 150.00,? 0.00,South
2219,John Doe,18-03-2025 00:00,28-03-2025 00:00,Mouse,1,? 150.00,? 150.00,South
2220,David Black,19-03-2025 00:00,28-03-2025 00:00,Monitor,4,? 100.00,? 400.00,North
2221,Robert Finch,18-03-2025 00:00,28-03-2025 00:00,Keyboard,-2,? 800.00,"-? 1,600.00",South
2222,Unknown,12-03-2025 00:00,28-03-2025 00:00,Keyboard,0,? 200.00,? 0.00,North
2223,David Black,01-03-2025 00:00,28-03-2025 00:00,Headphones,2,? 50.00,? 100.00,Unknown
2224,Eva White,16-03-2025 00:00,28-03-2025 00:00,Monitor,1,? 850.00,? 850.00,South
2225,Olivia Adams,05-03-2025 00:00,28-03-2025 00:00,Charger,2,? 800.00,"? 1,600.00",North
2226,David Black,05-03-2025 00:00,28-03-2025 00:00,Headphones,-3,? 100.00,-? 300.00,South
2227,Alan Brown,04-03-2025 00:00,28-03-2025 00:00,Charger,3,? 650.00,"? 1,950.00",South
2228,Chris Paul,16-03-2025 00:00,28-03-2025 00:00,Keyboard,2,? 50.00,? 100.00,South
2229,Anna King,04-03-2025 00:00,28-03-2025 00:00,Monitor,-3,? 100.00,-? 300.00,East
2230,Sarah Lee,16-03-2025 00:00,28-03-2025 00:00,Charger,2,? 200.00,? 400.00,Unknown
2231,Robert Finch,15-03-2025 00:00,28-03-2025 00:00,Monitor,3,? 200.00,? 600.00,West
2232,David Black,02-03-2025 00:00,28-03-2025 00:00,Monitor,-3,? 200.00,-? 600.00,West
2233,Unknown,09-03-2025 00:00,28-03-2025 00:00,Keyboard,4,? 800.00,"? 3,200.00",East
2234,Mike Green,08-03-2025 00:00,28-03-2025 00:00,Headphones,1,? 800.00,? 800.00,South
2235,John Doe,12-03-2025 00:00,28-03-2025 00:00,Headphones,5,? 850.00,"? 4,250.00",East
2236,Alan Brown,07-03-2025 00:00,28-03-2025 00:00,Monitor,0,? 850.00,? 0.00,East
2237,Emma Stone,20-03-2025 00:00,28-03-2025 00:00,Phone,0,? 650.00,? 0.00,North
2238,Lucas Gray,04-03-2025 00:00,28-03-2025 00:00,Tablet,0,? 50.00,? 0.00,Unknown
2239,Sarah Lee,12-03-2025 00:00,28-03-2025 00:00,Keyboard,0,? 600.00,? 0.00,West
2240,Robert Finch,10-03-2025 00:00,28-03-2025 00:00,Tablet,-3,? 600.00,"-? 1,800.00",South
2241,Anna King,15-03-2025 00:00,28-03-2025 00:00,Tablet,4,? 100.00,? 400.00,West
2242,Sarah Lee,20-03-2025 00:00,28-03-2025 00:00,Headphones,5,? 200.00,"? 1,000.00",West
2243,David Black,13-03-2025 00:00,28-03-2025 00:00,Headphones,1,? 50.00,? 50.00,Unknown
2244,Eva White,13-03-2025 00:00,28-03-2025 00:00,Phone,1,? 150.00,? 150.00,West
2245,John Doe,11-03-2025 00:00,28-03-2025 00:00,Tablet,3,? 800.00,"? 2,400.00",West
2246,Unknown,03-03-2025 00:00,28-03-2025 00:00,Tablet,0,? 75.00,? 0.00,East
2247,John Doe,17-03-2025 00:00,28-03-2025 00:00,Monitor,2,? 300.00,? 600.00,Unknown
2248,Emma Stone,12-03-2025 00:00,28-03-2025 00:00,Headphones,4,? 650.00,"? 2,600.00",North
2249,Eva White,03-03-2025 00:00,28-03-2025 00:00,Tablet,2,? 200.00,? 400.00,South
2250,Lucas Gray,01-03-2025 00:00,28-03-2025 00:00,Mouse,5,? 200.00,"? 1,000.00",West
2251,Unknown,13-03-2025 00:00,28-03-2025 00:00,Phone,0,? 200.00,? 0.00,South
2252,Chris Paul,20-03-2025 00:00,28-03-2025 00:00,Charger,1,? 800.00,? 800.00,North
2253,Jane Smith,10-03-2025 00:00,28-03-2025 00:00,Mouse,5,? 800.00,"? 4,000.00",South
2254,Alan Brown,03-03-2025 00:00,28-03-2025 00:00,Mouse,0,? 300.00,? 0.00,North
2255,John Doe,04-03-2025 00:00,28-03-2025 00:00,Charger,1,? 150.00,? 150.00,East
2256,Mike Green,09-03-2025 00:00,28-03-2025 00:00,Keyboard,0,? 50.00,? 0.00,West
2257,John Doe,13-03-2025 00:00,28-03-2025 00:00,Keyboard,0,? 200.00,? 0.00,North
2258,Sarah Lee,12-03-2025 00:00,28-03-2025 00:00,Phone,4,? 600.00,"? 2,400.00",South
2259,John Doe,11-03-2025 00:00,28-03-2025 00:00,Mouse,5,? 850.00,"? 4,250.00",West
2260,Robert Finch,06-03-2025 00:00,28-03-2025 00:00,Tablet,5,? 600.00,"? 3,000.00",East
2261,John Doe,02-03-2025 00:00,28-03-2025 00:00,Headphones,-2,? 100.00,-? 200.00,West
2262,Jane Smith,11-03-2025 00:00,28-03-2025 00:00,Phone,-3,? 600.00,"-? 1,800.00",North
2263,Jane Smith,10-03-2025 00:00,28-03-2025 00:00,Monitor,0,? 100.00,? 0.00,East
2264,Lucas Gray,15-03-2025 00:00,28-03-2025 00:00,Charger,0,? 75.00,? 0.00,South
2265,Anna King,03-03-2025 00:00,28-03-2025 00:00,Mouse,2,? 850.00,"? 1,700.00",East
2266,Chris Paul,17-03-2025 00:00,28-03-2025 00:00,Phone,0,? 600.00,? 0.00,East
2267,Mike Green,06-03-2025 00:00,28-03-2025 00:00,Laptop,-3,? 75.00,-? 225.00,Unknown
2268,John Doe,08-03-2025 00:00,28-03-2025 00:00,Laptop,4,? 650.00,"? 2,600.00",East
2269,John Doe,09-03-2025 00:00,28-03-2025 00:00,Keyboard,4,? 50.00,? 200.00,East
2270,Alan Brown,06-03-2025 00:00,28-03-2025 00:00,Charger,0,? 75.00,? 0.00,West
2271,Unknown,10-03-2025 00:00,28-03-2025 00:00,Headphones,4,? 50.00,? 200.00,South
2272,Jane Smith,06-03-2025 00:00,28-03-2025 00:00,Tablet,-2,? 600.00,"-? 1,200.00",West
2273,Mike Green,14-03-2025 00:00,28-03-2025 00:00,Headphones,5,? 150.00,? 750.00,West
2274,Lucas Gray,11-03-2025 00:00,28-03-2025 00:00,Headphones,3,? 75.00,? 225.00,North
2275,Emma Stone,01-03-2025 00:00,28-03-2025 00:00,Headphones,2,? 850.00,"? 1,700.00",West
2276,Anna King,07-03-2025 00:00,28-03-2025 00:00,Charger,0,? 600.00,? 0.00,Unknown
2277,Chris Paul,04-03-2025 00:00,28-03-2025 00:00,Headphones,0,? 200.00,? 0.00,Unknown
2278,Eva White,18-03-2025 00:00,28-03-2025 00:00,Monitor,1,? 800.00,? 800.00,North
2279,Chris Paul,13-03-2025 00:00,28-03-2025 00:00,Charger,3,? 75.00,? 225.00,South
2280,Robert Finch,10-03-2025 00:00,28-03-2025 00:00,Monitor,0,? 850.00,? 0.00,South
2281,Sarah Lee,05-03-2025 00:00,28-03-2025 00:00,Charger,-2,? 650.00,"-? 1,300.00",West
2282,Robert Finch,11-03-2025 00:00,28-03-2025 00:00,Keyboard,5,? 200.00,"? 1,000.00",West
2283,John Doe,09-03-2025 00:00,28-03-2025 00:00,Phone,5,? 650.00,"? 3,250.00",West
2284,Anna King,16-03-2025 00:00,28-03-2025 00:00,Laptop,-2,? 600.00,"-? 1,200.00",South
2285,Sarah Lee,16-03-2025 00:00,28-03-2025 00:00,Headphones,-3,? 800.00,"-? 2,400.00",East
2286,Mike Green,05-03-2025 00:00,28-03-2025 00:00,Keyboard,1,? 75.00,? 75.00,Unknown
2287,Eva White,01-03-2025 00:00,28-03-2025 00:00,Phone,0,? 75.00,? 0.00,East
2288,Jane Smith,17-03-2025 00:00,28-03-2025 00:00,Laptop,3,? 150.00,? 450.00,East
2289,Anna King,16-03-2025 00:00,28-03-2025 00:00,Mouse,4,? 150.00,? 600.00,South
2290,Anna King,10-03-2025 00:00,28-03-2025 00:00,Tablet,1,? 600.00,? 600.00,East
2291,Robert Finch,17-03-2025 00:00,28-03-2025 00:00,Monitor,3,? 600.00,"? 1,800.00",North
2292,John Doe,09-03-2025 00:00,28-03-2025 00:00,Mouse,2,? 800.00,"? 1,600.00",West
2293,David Black,04-03-2025 00:00,28-03-2025 00:00,Charger,2,? 150.00,? 300.00,North
2294,Lucas Gray,15-03-2025 00:00,28-03-2025 00:00,Laptop,1,? 850.00,? 850.00,Unknown
2295,Robert Finch,09-03-2025 00:00,28-03-2025 00:00,Mouse,0,? 850.00,? 0.00,West
2296,Anna King,15-03-2025 00:00,28-03-2025 00:00,Tablet,3,? 800.00,"? 2,400.00",East
2297,Olivia Adams,08-03-2025 00:00,28-03-2025 00:00,Keyboard,3,? 850.00,"? 2,550.00",Unknown
2298,Alan Brown,16-03-2025 00:00,28-03-2025 00:00,Laptop,-2,? 100.00,-? 200.00,West
2299,Eva White,18-03-2025 00:00,28-03-2025 00:00,Mouse,0,? 50.00,? 0.00,East
2300,Lucas Gray,09-03-2025 00:00,28-03-2025 00:00,Monitor,0,? 800.00,? 0.00,North
2301,Robert Finch,19-03-2025 00:00,28-03-2025 00:00,Monitor,0,? 800.00,? 0.00,West
2302,Eva White,12-03-2025 00:00,28-03-2025 00:00,Phone,4,? 300.00,"? 1,200.00",East
2303,Alan Brown,04-03-2025 00:00,28-03-2025 00:00,Mouse,5,? 200.00,"? 1,000.00",North
2304,Emma Stone,03-03-2025 00:00,28-03-2025 00:00,Headphones,2,? 200.00,? 400.00,Unknown
2305,Alan Brown,12-03-2025 00:00,28-03-2025 00:00,Mouse,0,? 100.00,? 0.00,West
2306,Alan Brown,17-03-2025 00:00,28-03-2025 00:00,Keyboard,0,? 150.00,? 0.00,West
2307,Eva White,12-03-2025 00:00,28-03-2025 00:00,Laptop,3,? 600.00,"? 1,800.00",South
2308,Chris Paul,09-03-2025 00:00,28-03-2025 00:00,Laptop,0,? 600.00,? 0.00,South
2309,Eva White,15-03-2025 00:00,28-03-2025 00:00,Keyboard,3,? 650.00,"? 1,950.00",West
2310,David Black,13-03-2025 00:00,28-03-2025 00:00,Mouse,0,? 100.00,? 0.00,West
2311,John Doe,03-03-2025 00:00,28-03-2025 00:00,Keyboard,2,? 800.00,"? 1,600.00",South
2312,Sarah Lee,05-03-2025 00:00,28-03-2025 00:00,Tablet,0,? 100.00,? 0.00,East
2313,Chris Paul,15-03-2025 00:00,28-03-2025 00:00,Charger,0,? 100.00,? 0.00,East
2314,Jane Smith,01-03-2025 00:00,28-03-2025 00:00,Keyboard,0,? 100.00,? 0.00,Unknown
2315,Sarah Lee,10-03-2025 00:00,28-03-2025 00:00,Monitor,5,? 200.00,"? 1,000.00",North
2316,John Doe,17-03-2025 00:00,28-03-2025 00:00,Keyboard,2,? 100.00,? 200.00,East
2317,Robert Finch,09-03-2025 00:00,28-03-2025 00:00,Laptop,0,? 50.00,? 0.00,North
2318,Lucas Gray,20-03-2025 00:00,28-03-2025 00:00,Monitor,-2,? 600.00,"-? 1,200.00",West
2319,David Black,08-03-2025 00:00,28-03-2025 00:00,Laptop,0,? 650.00,? 0.00,North
2320,David Black,05-03-2025 00:00,28-03-2025 00:00,Phone,5,? 50.00,? 250.00,West
2321,Jane Smith,02-03-2025 00:00,28-03-2025 00:00,Headphones,2,? 650.00,"? 1,300.00",South
2322,Chris Paul,13-03-2025 00:00,28-03-2025 00:00,Laptop,-2,? 300.00,-? 600.00,South
2323,Unknown,19-03-2025 00:00,28-03-2025 00:00,Monitor,5,? 650.00,"? 3,250.00",South
2324,Emma Stone,19-03-2025 00:00,28-03-2025 00:00,Phone,5,? 600.00,"? 3,000.00",East
2325,Alan Brown,09-03-2025 00:00,28-03-2025 00:00,Laptop,1,? 600.00,? 600.00,East
2326,Chris Paul,16-03-2025 00:00,28-03-2025 00:00,Tablet,2,? 100.00,? 200.00,West
2327,Lucas Gray,12-03-2025 00:00,28-03-2025 00:00,Keyboard,0,? 75.00,? 0.00,Unknown
2328,Emma Stone,01-03-2025 00:00,28-03-2025 00:00,Headphones,3,? 300.00,? 900.00,North
2329,David Black,19-03-2025 00:00,28-03-2025 00:00,Laptop,3,? 800.00,"? 2,400.00",West
2330,Eva White,12-03-2025 00:00,28-03-2025 00:00,Phone,0,? 850.00,? 0.00,South
2331,Lucas Gray,09-03-2025 00:00,28-03-2025 00:00,Tablet,0,? 650.00,? 0.00,East
2332,John Doe,07-03-2025 00:00,28-03-2025 00:00,Mouse,2,? 75.00,? 150.00,West
2333,Jane Smith,08-03-2025 00:00,28-03-2025 00:00,Phone,0,? 100.00,? 0.00,West
2334,John Doe,14-03-2025 00:00,28-03-2025 00:00,Keyboard,1,? 200.00,? 200.00,North
2335,Unknown,11-03-2025 00:00,28-03-2025 00:00,Phone,-2,? 800.00,"-? 1,600.00",East
2336,Lucas Gray,12-03-2025 00:00,28-03-2025 00:00,Tablet,0,? 150.00,? 0.00,South
2337,Mike Green,19-03-2025 00:00,28-03-2025 00:00,Phone,3,? 75.00,? 225.00,West
2338,Mike Green,18-03-2025 00:00,28-03-2025 00:00,Tablet,0,? 200.00,? 0.00,West
2339,Robert Finch,07-03-2025 00:00,28-03-2025 00:00,Laptop,1,? 300.00,? 300.00,North
2340,Chris Paul,16-03-2025 00:00,28-03-2025 00:00,Charger,0,? 100.00,? 0.00,Unknown
2341,David Black,13-03-2025 00:00,28-03-2025 00:00,Tablet,0,? 800.00,? 0.00,South
2342,David Black,05-03-2025 00:00,28-03-2025 00:00,Tablet,5,? 800.00,"? 4,000.00",East
2343,Alan Brown,15-03-2025 00:00,28-03-2025 00:00,Headphones,4,? 800.00,"? 3,200.00",West
2344,Alan Brown,12-03-2025 00:00,28-03-2025 00:00,Tablet,-2,? 300.00,-? 600.00,West
2345,Alan Brown,05-03-2025 00:00,28-03-2025 00:00,Tablet,-3,? 650.00,"-? 1,950.00",South
2346,Eva White,12-03-2025 00:00,28-03-2025 00:00,Mouse,5,? 150.00,? 750.00,Unknown
2347,Sarah Lee,19-03-2025 00:00,28-03-2025 00:00,Charger,0,? 300.00,? 0.00,West
2348,Anna King,01-03-2025 00:00,28-03-2025 00:00,Laptop,3,? 850.00,"? 2,550.00",South
2349,Sarah Lee,16-03-2025 00:00,28-03-2025 00:00,Keyboard,-3,? 150.00,-? 450.00,North
2350,John Doe,13-03-2025 00:00,28-03-2025 00:00,Headphones,5,? 600.00,"? 3,000.00",Unknown
2351,Sarah Lee,03-03-2025 00:00,28-03-2025 00:00,Mouse,-3,? 100.00,-? 300.00,East
2352,Eva White,16-03-2025 00:00,28-03-2025 00:00,Monitor,2,? 300.00,? 600.00,West
2353,Robert Finch,17-03-2025 00:00,28-03-2025 00:00,Charger,4,? 200.00,? 800.00,South
2354,John Doe,19-03-2025 00:00,28-03-2025 00:00,Laptop,2,? 150.00,? 300.00,North
2355,Sarah Lee,05-03-2025 00:00,28-03-2025 00:00,Laptop,-3,? 850.00,"-? 2,550.00",East
2356,Eva White,13-03-2025 00:00,28-03-2025 00:00,Monitor,2,? 600.00,"? 1,200.00",South
2357,Anna King,02-03-2025 00:00,28-03-2025 00:00,Keyboard,1,? 650.00,? 650.00,South
2358,Sarah Lee,18-03-2025 00:00,28-03-2025 00:00,Tablet,0,? 200.00,? 0.00,East
2359,Eva White,19-03-2025 00:00,28-03-2025 00:00,Mouse,1,? 150.00,? 150.00,North
2360,Unknown,14-03-2025 00:00,28-03-2025 00:00,Phone,0,? 100.00,? 0.00,North
2361,Alan Brown,11-03-2025 00:00,28-03-2025 00:00,Headphones,2,? 200.00,? 400.00,Unknown
2362,Unknown,18-03-2025 00:00,28-03-2025 00:00,Phone,0,? 600.00,? 0.00,West
2363,David Black,05-03-2025 00:00,28-03-2025 00:00,Monitor,3,? 200.00,? 600.00,East
2364,Alan Brown,15-03-2025 00:00,28-03-2025 00:00,Laptop,-2,? 50.00,-? 100.00,East
2365,David Black,03-03-2025 00:00,28-03-2025 00:00,Keyboard,3,? 75.00,? 225.00,East
2366,Olivia Adams,09-03-2025 00:00,28-03-2025 00:00,Laptop,-3,? 650.00,"-? 1,950.00",North
2367,Jane Smith,03-03-2025 00:00,28-03-2025 00:00,Headphones,0,? 600.00,? 0.00,West
2368,Unknown,11-03-2025 00:00,28-03-2025 00:00,Laptop,2,? 200.00,? 400.00,Unknown
2369,Jane Smith,18-03-2025 00:00,28-03-2025 00:00,Laptop,5,? 75.00,? 375.00,South
2370,Jane Smith,07-03-2025 00:00,28-03-2025 00:00,Headphones,-2,? 75.00,-? 150.00,South
2371,Anna King,12-03-2025 00:00,28-03-2025 00:00,Mouse,4,? 200.00,? 800.00,East
2372,Alan Brown,09-03-2025 00:00,28-03-2025 00:00,Mouse,4,? 100.00,? 400.00,West
2373,Olivia Adams,10-03-2025 00:00,28-03-2025 00:00,Headphones,4,? 50.00,? 200.00,North
2374,David Black,18-03-2025 00:00,28-03-2025 00:00,Keyboard,2,? 300.00,? 600.00,West
2375,Eva White,04-03-2025 00:00,28-03-2025 00:00,Monitor,4,? 50.00,? 200.00,West
2376,John Doe,17-03-2025 00:00,28-03-2025 00:00,Charger,1,? 200.00,? 200.00,North
2377,Eva White,18-03-2025 00:00,28-03-2025 00:00,Laptop,-2,? 650.00,"-? 1,300.00",East
2378,John Doe,07-03-2025 00:00,28-03-2025 00:00,Keyboard,1,? 300.00,? 300.00,West
2379,Unknown,06-03-2025 00:00,28-03-2025 00:00,Laptop,-2,? 600.00,"-? 1,200.00",South
2380,Mike Green,13-03-2025 00:00,28-03-2025 00:00,Charger,1,? 50.00,? 50.00,North
2381,Eva White,20-03-2025 00:00,28-03-2025 00:00,Monitor,-2,? 200.00,-? 400.00,Unknown
2382,Sarah Lee,02-03-2025 00:00,28-03-2025 00:00,Mouse,0,? 50.00,? 0.00,East
2383,Sarah Lee,09-03-2025 00:00,28-03-2025 00:00,Keyboard,2,? 300.00,? 600.00,North
2384,Chris Paul,10-03-2025 00:00,28-03-2025 00:00,Tablet,2,? 850.00,"? 1,700.00",Unknown
2385,Alan Brown,07-03-2025 00:00,28-03-2025 00:00,Tablet,4,? 150.00,? 600.00,West
2386,John Doe,18-03-2025 00:00,28-03-2025 00:00,Charger,3,? 50.00,? 150.00,West
2387,John Doe,02-03-2025 00:00,28-03-2025 00:00,Tablet,4,? 600.00,"? 2,400.00",West
2388,Lucas Gray,05-03-2025 00:00,28-03-2025 00:00,Mouse,-3,? 600.00,"-? 1,800.00",West
2389,Robert Finch,09-03-2025 00:00,28-03-2025 00:00,Charger,1,? 800.00,? 800.00,North
2390,Alan Brown,17-03-2025 00:00,28-03-2025 00:00,Mouse,-2,? 50.00,-? 100.00,North
2391,Anna King,18-03-2025 00:00,28-03-2025 00:00,Monitor,3,? 150.00,? 450.00,East
2392,Chris Paul,19-03-2025 00:00,28-03-2025 00:00,Laptop,-3,? 100.00,-? 300.00,West
2393,Anna King,08-03-2025 00:00,28-03-2025 00:00,Monitor,2,? 75.00,? 150.00,Unknown
2394,Unknown,08-03-2025 00:00,28-03-2025 00:00,Monitor,2,? 150.00,? 300.00,South
2395,Unknown,05-03-2025 00:00,28-03-2025 00:00,Mouse,4,? 75.00,? 300.00,East
2396,Anna King,01-03-2025 00:00,28-03-2025 00:00,Charger,1,? 75.00,? 75.00,North
2397,Anna King,02-03-2025 00:00,28-03-2025 00:00,Charger,3,? 850.00,"? 2,550.00",East
2398,Olivia Adams,12-03-2025 00:00,28-03-2025 00:00,Tablet,0,? 800.00,? 0.00,East
2399,Alan Brown,17-03-2025 00:00,28-03-2025 00:00,Phone,-3,? 150.00,-? 450.00,East
2400,Anna King,07-03-2025 00:00,28-03-2025 00:00,Laptop,-3,? 150.00,-? 450.00,East
